{
  "coverage_rate": 0.6,
  "covered_chunks": 3,
  "total_chunks": 5,
  "uncovered_chunks": [
    {
      "chunk_id": "chunk_0",
      "similarity": 0.544801027702901,
      "gap": 0.155198972297099,
      "text_preview": "確実に春が近づいてることを肌で感じることが出来ました 着々と整備されてる圏央道を越えるとお世話になってるボウリング場が見えて来ました。..."
    },
    {
      "chunk_id": "chunk_0",
      "similarity": 0.6546553772541148,
      "gap": 0.04534462274588513,
      "text_preview": "その時点で先生からはおそらく『角膜ジストロフィー』であろうとの診断をもらっていました。..."
    }
  ],
  "max_similarities": [
    0.9163323888280636,
    0.544801027702901,
    0.809684387103133,
    0.8692381579779596,
    0.6546553772541148
  ],
  "threshold": 0.7
}