{
  "coverage_rate": 0.9928952042628775,
  "covered_chunks": 1677,
  "total_chunks": 1689,
  "threshold": 0.48,
  "avg_max_similarity": 0.7681117268180482,
  "min_max_similarity": 0.39644683364020505,
  "max_max_similarity": 0.9650252147990795,
  "uncovered_chunks": [
    865,
    1346,
    1027,
    1158,
    775,
    1542,
    1001,
    1639,
    1067,
    1259,
    1550,
    1116
  ],
  "coverage_distribution": {
    "high_coverage": 1208,
    "medium_coverage": 462,
    "low_coverage": 19
  }
}